"id","character","issue"
1,"Projection of nasal bones above frontomaxillary suture","No phylogenetic/taxonomic designation"
2,"Inferior orbital margin rounded laterally","No phylogenetic/taxonomic designation"
3,"Infraorbital foramen location","No phylogenetic/taxonomic designation"
4,"Anterior pillars","No phylogenetic/taxonomic designation"
5,"Nasoalveolar clivus contour in coronal plane","No phylogenetic/taxonomic designation"
6,"Nasal cavity entrance","No phylogenetic/taxonomic designation"
7,"Anterior projection of zygomatic bone relative to piriform aperture (dishing)","No phylogenetic/taxonomic designation"
8,"Masseteric position relative to sellion","No phylogenetic/taxonomic designation"
10,"Cerebellar morphology","No phylogenetic/taxonomic designation"
11,"O-M sinus present in high frequency","No ordered/unordered designation"
11,"O-M sinus present in high frequency","No phylogenetic/taxonomic designation"
11,"O-M sinus present in high frequency","No number of states"
13,"Asterionic notch","No phylogenetic/taxonomic designation"
14,"Parietal overlap of occipital at asterion","No phylogenetic/taxonomic designation"
16,"Pneumatization of temporal squama","No phylogenetic/taxonomic designation"
17,"Facial hafting","No phylogenetic/taxonomic designation"
18,"Supraglenoid gutter width","No phylogenetic/taxonomic designation"
19,"Petrous orientation","No phylogenetic/taxonomic designation"
20,"Origin of digastric muscle","No ordered/unordered designation"
20,"Origin of digastric muscle","No phylogenetic/taxonomic designation"
20,"Origin of digastric muscle","No Uberon ID"
20,"Origin of digastric muscle","No skeletal element"
20,"Origin of digastric muscle","No number of states"
21,"Mandibular cross-sectional area at M1","No phylogenetic/taxonomic designation"
22,"Hollowing above and behind mental foramen","No phylogenetic/taxonomic designation"
23,"Mandibular deciduous canine shape","No phylogenetic/taxonomic designation"
25,"Premolar crown area","No phylogenetic/taxonomic designation"
25,"Premolar crown area","No number of states"
26,"Molar crown area","No phylogenetic/taxonomic designation"
26,"Molar crown area","No number of states"
27,"dM1 mesial crown profile","No phylogenetic/taxonomic designation"
28,"Distal marginal ridge of dM2","No phylogenetic/taxonomic designation"
29,"Separation of molar and premolar cusp apices","No ordered/unordered designation"
29,"Separation of molar and premolar cusp apices","No phylogenetic/taxonomic designation"
29,"Separation of molar and premolar cusp apices","No number of states"
30,"Frequency of well developed P3","No phylogenetic/taxonomic designation"
30,"Frequency of well developed P3","No number of states"
31,"Mesiobuccal protrusion of P3 crown base","No phylogenetic/taxonomic designation"
32,"Orientation of mandibular premolar row (dental arcade shape)","No phylogenetic/taxonomic designation"
33,"Parietal tuber","No phylogenetic/taxonomic designation"
34,"Parietomastoid angle","No phylogenetic/taxonomic designation"
34,"Parietomastoid angle","No number of states"
35,"External auditory meatus size","No phylogenetic/taxonomic designation"
36,"Separation of mandibular tooth rows","No phylogenetic/taxonomic designation"
36,"Separation of mandibular tooth rows","No number of states"
37,"Configuration of the superior orbital fissure","No phylogenetic/taxonomic designation"
38,"Size of Longus capitis insertion","No phylogenetic/taxonomic designation"
38,"Size of Longus capitis insertion","No number of states"
39,"Height of articular eminence above occlusal plane","No ordered/unordered designation"
39,"Height of articular eminence above occlusal plane","No phylogenetic/taxonomic designation"
39,"Height of articular eminence above occlusal plane","No Uberon ID"
39,"Height of articular eminence above occlusal plane","No skeletal element"
39,"Height of articular eminence above occlusal plane","No number of states"
40,"Extensive mesial groove on upper canine","No phylogenetic/taxonomic designation"
40,"Extensive mesial groove on upper canine","No number of states"
41,"Depth of subarcuate fossa","No phylogenetic/taxonomic designation"
41,"Depth of subarcuate fossa","No number of states"
42,"Orientation and length of the post-incisive planum","No phylogenetic/taxonomic designation"
42,"Orientation and length of the post-incisive planum","No number of states"
43,"Distinctiveness of angular process of mandible","No phylogenetic/taxonomic designation"
44,"Axis of ear bones","No phylogenetic/taxonomic designation"
45,"Area of inner ear","No phylogenetic/taxonomic designation"
46,"Presence/absence of frontal sinus","No phylogenetic/taxonomic designation"
46,"Presence/absence of frontal sinus","No number of states"
47,"Position of infraorbital foramen relative to orbit","No phylogenetic/taxonomic designation"
48,"Glabellar prominence relative to sella","No ordered/unordered designation"
48,"Glabellar prominence relative to sella","No phylogenetic/taxonomic designation"
48,"Glabellar prominence relative to sella","No skeletal element"
48,"Glabellar prominence relative to sella","No number of states"
50,"Supraorbital contour","No phylogenetic/taxonomic designation"
51,"Position of zygomatic foramina","No phylogenetic/taxonomic designation"
52,"Patency of premaxillary suture in adults from frontal view","No phylogenetic/taxonomic designation"
53,"Petrous apex ossified beyond spheno-occipital synchondrosis","No phylogenetic/taxonomic designation"
54,"I2 similar in shape to I1","No phylogenetic/taxonomic designation"
54,"I2 similar in shape to I1","No number of states"
55,"Basal keel of lower canine","No phylogenetic/taxonomic designation"
55,"Basal keel of lower canine","No number of states"
56,"Basal area of paracone of P3","No ordered/unordered designation"
56,"Basal area of paracone of P3","No phylogenetic/taxonomic designation"
56,"Basal area of paracone of P3","No number of states"
57,"Molar cingulum","No phylogenetic/taxonomic designation"
57,"Molar cingulum","No number of states"
58,"Metaconid of dp3","No phylogenetic/taxonomic designation"
58,"Metaconid of dp3","No number of states"
59,"Talonid basin of dp3","No phylogenetic/taxonomic designation"
59,"Talonid basin of dp3","No number of states"
60,"Distal trigonid crest on dp4","No phylogenetic/taxonomic designation"
60,"Distal trigonid crest on dp4","No number of states"
61,"Protocone of dp3, in occlusal view","No phylogenetic/taxonomic designation"
61,"Protocone of dp3, in occlusal view","No number of states"
62,"Crista obliqua of dp4","No phylogenetic/taxonomic designation"
62,"Crista obliqua of dp4","No number of states"
63,"Condylar canal","No phylogenetic/taxonomic designation"
64,"Mandibular corpus depth along tooth row","No phylogenetic/taxonomic designation"
65,"Ethmo-sphenoid contact","No phylogenetic/taxonomic designation"
66,"I1 lingual crenulations","No phylogenetic/taxonomic designation"
67,"Canine sexual dimorphism","No phylogenetic/taxonomic designation"
68,"Sulcus obliqus","No phylogenetic/taxonomic designation"
69,"Cranial vault thickness","No phylogenetic/taxonomic designation"
70,"Calvarial height to breadth","No phylogenetic/taxonomic designation"
72,"Height of calvaria relative to orbits","No phylogenetic/taxonomic designation"
73,"Maximum cranial breadth","No phylogenetic/taxonomic designation"
74,"Cranial contour in norma occipitalis","No phylogenetic/taxonomic designation"
75,"Anterior calvarial contour in profile","No phylogenetic/taxonomic designation"
76,"Posterior calvarial contour","No phylogenetic/taxonomic designation"
77,"Parietal wall verticality","No phylogenetic/taxonomic designation"
80,"Upper facial breadth","No phylogenetic/taxonomic designation"
81,"Outline of superior facial mask","No phylogenetic/taxonomic designation"
82,"Lateral anterior facial contour","No phylogenetic/taxonomic designation"
84,"Bregmatic protuberance","No phylogenetic/taxonomic designation"
85,"Precoronal depression","No phylogenetic/taxonomic designation"
86,"Coronal reinforcement","No phylogenetic/taxonomic designation"
87,"Frontal contour in norma verticalis","No phylogenetic/taxonomic designation"
88,"Frontal eminence","No phylogenetic/taxonomic designation"
89,"Glabellar depression","No phylogenetic/taxonomic designation"
90,"Glabellar development","No phylogenetic/taxonomic designation"
91,"Glabellar region forms as prominent block","No phylogenetic/taxonomic designation"
92,"Supraglabellar tubercle","No phylogenetic/taxonomic designation"
93,"Microdepression of glabella","No phylogenetic/taxonomic designation"
94,"Metopic keel","No phylogenetic/taxonomic designation"
95,"Lateral postorbital depression","No phylogenetic/taxonomic designation"
96,"Frontotemporale tubercle","No phylogenetic/taxonomic designation"
97,"Frontal trigone","No phylogenetic/taxonomic designation"
98,"Supratrigonal depression","No phylogenetic/taxonomic designation"
99,"Frontal sinus","No phylogenetic/taxonomic designation"
100,"Supraorbital sulcus","No phylogenetic/taxonomic designation"
101,"Supraorbital torus thickness","No phylogenetic/taxonomic designation"
102,"Supraorbital thickness gradient","No phylogenetic/taxonomic designation"
103,"Supraorbital torus development","No phylogenetic/taxonomic designation"
104,"Superior orbital fissure shape","No phylogenetic/taxonomic designation"
105,"Supraorbital corner shape","No phylogenetic/taxonomic designation"
106,"Lacrimal fossae location","No phylogenetic/taxonomic designation"
107,"Ethmolacrimal contact","No phylogenetic/taxonomic designation"
108,"Interorbital breadth","No phylogenetic/taxonomic designation"
109,"Orbital shape","No phylogenetic/taxonomic designation"
110,"Inferior orbital margin position relative to nasal margin","No phylogenetic/taxonomic designation"
111,"Nasal keel","No phylogenetic/taxonomic designation"
112,"Eversion of superior nasal aperture margin","No phylogenetic/taxonomic designation"
113,"Profile of nasal saddle and nasal roof","No phylogenetic/taxonomic designation"
114,"Inferior width of projecting nasal bone","No phylogenetic/taxonomic designation"
115,"Anterior nasal spine relative to nasal aperture","No phylogenetic/taxonomic designation"
116,"Nasal margin crest/spine patterns","No phylogenetic/taxonomic designation"
117,"Nasal aperture margin sharpness","No phylogenetic/taxonomic designation"
118,"Subnasal projection","No phylogenetic/taxonomic designation"
119,"Subnasal length","No phylogenetic/taxonomic designation"
120,"Alveolar clivus shape","No phylogenetic/taxonomic designation"
121,"Protrusion of incisor alveoli beyond bicanine line in basal view","No phylogenetic/taxonomic designation"
122,"External palate breadth","No phylogenetic/taxonomic designation"
123,"Incisive canal development","No phylogenetic/taxonomic designation"
124,"Palate thickness","No phylogenetic/taxonomic designation"
125,"Incisive foramen position","No phylogenetic/taxonomic designation"
127,"Palatine process orientation","No phylogenetic/taxonomic designation"
128,"Canine jugum development","No phylogenetic/taxonomic designation"
129,"Canine root orientation","No phylogenetic/taxonomic designation"
130,"Canine fossa","No phylogenetic/taxonomic designation"
131,"Maxillary trigone","No phylogenetic/taxonomic designation"
132,"Maxillary sinus size","No phylogenetic/taxonomic designation"
133,"Maxillary sinus division","No phylogenetic/taxonomic designation"
134,"Infraorbital plate orientation","No phylogenetic/taxonomic designation"
135,"Sulcus infraorbitalis","No phylogenetic/taxonomic designation"
136,"Anterior zygomatic root position","No phylogenetic/taxonomic designation"
137,"Zygomaticoalveolar crest","No phylogenetic/taxonomic designation"
138,"Malar diagonal length","No phylogenetic/taxonomic designation"
139,"Malar orientation","No phylogenetic/taxonomic designation"
140,"Zygomatic insertion height","No phylogenetic/taxonomic designation"
141,"Zygomatic bone orientation","No phylogenetic/taxonomic designation"
142,"Mediolateral thickness of zygomatic arch at root of frontal process","No phylogenetic/taxonomic designation"
143,"Expansion of medial edge of frontal process of zygomatic bone","No phylogenetic/taxonomic designation"
144,"Angular indentation of lateral orbital margin","No phylogenetic/taxonomic designation"
145,"Masseter origin height","No phylogenetic/taxonomic designation"
146,"Zygomatic temporal surface","No phylogenetic/taxonomic designation"
147,"Zygomatic prominence development","No phylogenetic/taxonomic designation"
148,"Zygomaticomaxillary steps to fossae present","No phylogenetic/taxonomic designation"
149,"Zygomatic arch relative to inferior orbital margin","No phylogenetic/taxonomic designation"
150,"Position of zygomatic angle","No phylogenetic/taxonomic designation"
151,"Both","No phylogenetic/taxonomic designation"
152,"Zygomatic arch alignment","No phylogenetic/taxonomic designation"
153,"Zygomatic process root","No phylogenetic/taxonomic designation"
154,"Temporal fossae size","No phylogenetic/taxonomic designation"
155,"Articular eminence position relative to occlusal plane","No phylogenetic/taxonomic designation"
156,"Articular eminence summit","No phylogenetic/taxonomic designation"
157,"Articular eminence form","No phylogenetic/taxonomic designation"
158,"Posterior slope of articular tubercle","No phylogenetic/taxonomic designation"
159,"Articular tubercle development","No phylogenetic/taxonomic designation"
160,"Articular tubercle projection","No phylogenetic/taxonomic designation"
161,"Articular tubercle and sub-temporal plane continuity","No phylogenetic/taxonomic designation"
162,"Articular tubercle anteroposterior curvature","No phylogenetic/taxonomic designation"
163,"Transverse concavity of articular tubercle","No phylogenetic/taxonomic designation"
164,"Integration of entoglenoid formation with articular tubercle","No phylogenetic/taxonomic designation"
165,"Ectoglenoid crest","No phylogenetic/taxonomic designation"
166,"Width between the tympanic plate and entoglenoid process","No phylogenetic/taxonomic designation"
167,"Entoglenoid process position relative to anterior zygomatic tubercle or ectoglenoid process","No phylogenetic/taxonomic designation"
168,"Entoglenoid process projection","No phylogenetic/taxonomic designation"
169,"Subarcuate fossa depth","No phylogenetic/taxonomic designation"
170,"Preglenoid plane extent","No phylogenetic/taxonomic designation"
171,"Sphenoid contribution to mandibular fossa","No phylogenetic/taxonomic designation"
172,"Contribution of tympanic plate to mandibular fossa","No phylogenetic/taxonomic designation"
173,"Orientation of anterior wall of TMJ","No phylogenetic/taxonomic designation"
174,"Tubercle on anterior wall of TMJ","No phylogenetic/taxonomic designation"
175,"Medial recess of mandibular fossa","No phylogenetic/taxonomic designation"
176,"Mandibular fossa length","No phylogenetic/taxonomic designation"
177,"Mandibular fossa depth","No phylogenetic/taxonomic designation"
178,"Mandibular fossa overhang","No phylogenetic/taxonomic designation"
179,"Convexity of posterior wall of mandibular fossa","No phylogenetic/taxonomic designation"
180,"Postglenoid process shape in norma frontalis","No phylogenetic/taxonomic designation"
181,"Postglenoid and tympanic fusion","No phylogenetic/taxonomic designation"
182,"Postglenoid process size","No phylogenetic/taxonomic designation"
183,"Postglenoid process extent relative to the tympanic","No phylogenetic/taxonomic designation"
184,"Vaginal process size","No phylogenetic/taxonomic designation"
185,"Styloid process fusion","No phylogenetic/taxonomic designation"
186,"Crista petrosa development","No phylogenetic/taxonomic designation"
187,"Tympanic shape","No phylogenetic/taxonomic designation"
188,"Tympanic trough","No phylogenetic/taxonomic designation"
189,"Tympanic plate thickness","No phylogenetic/taxonomic designation"
190,"Lateral tympanic extension","No phylogenetic/taxonomic designation"
191,"Tegmen tympani","No phylogenetic/taxonomic designation"
192,"Middle ear depth","No phylogenetic/taxonomic designation"
193,"Mediolateral position of external auditory meatus","No phylogenetic/taxonomic designation"
194,"Tubercle behind external auditory meatus","No phylogenetic/taxonomic designation"
195,"Orientation of the long axis of external auditory meatus","No phylogenetic/taxonomic designation"
196,"Suprameatal spine","No phylogenetic/taxonomic designation"
197,"Eustachian process of tympanic","No phylogenetic/taxonomic designation"
198,"Mastoid fissure","No phylogenetic/taxonomic designation"
199,"Squamotympanic fissure","No phylogenetic/taxonomic designation"
200,"Squamotympanic fissure depth","No phylogenetic/taxonomic designation"
201,"Maximum lateral projection of mastoid","No phylogenetic/taxonomic designation"
202,"Mastoid process lateral inflation","No phylogenetic/taxonomic designation"
203,"Mastoid process size","No phylogenetic/taxonomic designation"
204,"Mastoid process orientation","No phylogenetic/taxonomic designation"
205,"Mastoid tip position","No phylogenetic/taxonomic designation"
206,"Mastoid face","No phylogenetic/taxonomic designation"
207,"Supramastoid crest development","No phylogenetic/taxonomic designation"
208,"Supramastoid crest and zygomatic process contact","No phylogenetic/taxonomic designation"
209,"Supramastoid crest and lower temporal line continuity","No phylogenetic/taxonomic designation"
210,"Supramastoid sulcus closes anteriorly","No phylogenetic/taxonomic designation"
211,"Supramastoid sulcus width","No phylogenetic/taxonomic designation"
212,"Tubercle above the supramastoid process","No phylogenetic/taxonomic designation"
213,"Tubercle on supramastoid crest","No phylogenetic/taxonomic designation"
214,"Mastoid crest projection","No phylogenetic/taxonomic designation"
215,"Mastoid crest and upper temporal line contact","No phylogenetic/taxonomic designation"
216,"Mastoid crest and supramastoid crest orientation","No phylogenetic/taxonomic designation"
217,"Juxtamastoid eminence","No phylogenetic/taxonomic designation"
218,"Digastric fossa depth","No phylogenetic/taxonomic designation"
219,"Digastric fossa length","No phylogenetic/taxonomic designation"
220,"Digastric fossa width","No phylogenetic/taxonomic designation"
221,"Digastric fossa cross-section shape","No phylogenetic/taxonomic designation"
222,"Digastric groove morphology","No phylogenetic/taxonomic designation"
223,"Angular torus","No phylogenetic/taxonomic designation"
224,"Temporal squama height","No phylogenetic/taxonomic designation"
225,"Temporal squama shape","No phylogenetic/taxonomic designation"
226,"Anterior contour of temporal squama","No phylogenetic/taxonomic designation"
227,"Superior contour of temporal squama","No phylogenetic/taxonomic designation"
228,"Posterior contour of temporal squama","No phylogenetic/taxonomic designation"
229,"Squamosal suture overlap extensive","No phylogenetic/taxonomic designation"
230,"Position of temporal emphasis","No phylogenetic/taxonomic designation"
231,"Temporal line projection","No phylogenetic/taxonomic designation"
232,"Depression beneath the upper temporal line","No phylogenetic/taxonomic designation"
233,"Position of temporal lines on parietal bones","No phylogenetic/taxonomic designation"
234,"Depression between temporal lines","No phylogenetic/taxonomic designation"
235,"Temporal band width in lateral view","No phylogenetic/taxonomic designation"
236,"Temporal band projection","No phylogenetic/taxonomic designation"
238,"Parietomastoid angle development","No phylogenetic/taxonomic designation"
239,"Prelambdoidal depression","No phylogenetic/taxonomic designation"
240,"Projection on lambdoid suture (processus asteriacus)","No phylogenetic/taxonomic designation"
241,"Upper occipital squama curvature","No phylogenetic/taxonomic designation"
242,"Occipital squama shape","No phylogenetic/taxonomic designation"
243,"Nuchal plane inclination","No phylogenetic/taxonomic designation"
244,"Relative height of nuchal area","No phylogenetic/taxonomic designation"
246,"Nuchal crest emphasis","No phylogenetic/taxonomic designation"
247,"Occipital angulation","No phylogenetic/taxonomic designation"
248,"Lower occipital squama shape","No phylogenetic/taxonomic designation"
249,"Longus capitis insertion size","No phylogenetic/taxonomic designation"
250,"Occipital torus development","No phylogenetic/taxonomic designation"
251,"Expansion of occipital torus","No phylogenetic/taxonomic designation"
252,"Occipital plane length","No phylogenetic/taxonomic designation"
253,"Occipital supratoral sulcus","No phylogenetic/taxonomic designation"
254,"Lateral occipital depression on occipital sulcus","No phylogenetic/taxonomic designation"
255,"Occipital bun","No phylogenetic/taxonomic designation"
256,"Depression above external occipital protuberance.","No phylogenetic/taxonomic designation"
257,"External occipital protuberance","No phylogenetic/taxonomic designation"
258,"Tuberculum linearum on occipital","No phylogenetic/taxonomic designation"
259,"External occipital crest","No phylogenetic/taxonomic designation"
260,"Suprainiac fossa","No phylogenetic/taxonomic designation"
261,"Walls of suprainiac fossa","No phylogenetic/taxonomic designation"
262,"Retromastoid process","No phylogenetic/taxonomic designation"
263,"Occipitomastoid crest","No phylogenetic/taxonomic designation"
264,"Occipital torus and supramastoid crest contact","No phylogenetic/taxonomic designation"
265,"Occipital torus to mastoid crest contact","No phylogenetic/taxonomic designation"
266,"Occipital torus to upper temporal line contact","No phylogenetic/taxonomic designation"
267,"Inion location","No phylogenetic/taxonomic designation"
268,"Inion/endinion location","No phylogenetic/taxonomic designation"
269,"Occipitomarginal sinus frequency","No phylogenetic/taxonomic designation"
271,"Foramen magnum position","No phylogenetic/taxonomic designation"
272,"Foramen magnum inclination","No phylogenetic/taxonomic designation"
273,"Cranial base breadth","No phylogenetic/taxonomic designation"
274,"Basioccipital length","No phylogenetic/taxonomic designation"
275,"Cranial base flexion","No phylogenetic/taxonomic designation"
276,"Posterior base shape","No phylogenetic/taxonomic designation"
277,"Cerebellum position","No phylogenetic/taxonomic designation"
278,"Anterior pole shape","No phylogenetic/taxonomic designation"
280,"Dental development rate","No phylogenetic/taxonomic designation"
281,"Cingulum expression","No phylogenetic/taxonomic designation"
282,"Sulcus obliqus development","No phylogenetic/taxonomic designation"
283,"Fovea posterior development","No phylogenetic/taxonomic designation"
284,"Maxillary incisor heteromorphy","No phylogenetic/taxonomic designation"
285,"Incisor procumbency","No phylogenetic/taxonomic designation"
286,"Presence of Maxillary I2/C diastema","No phylogenetic/taxonomic designation"
288,"Lingual crenulations of maxillary I1","No phylogenetic/taxonomic designation"
289,"Labial curvature of maxillary I1","No phylogenetic/taxonomic designation"
290,"Shovel on maxillary I1","No phylogenetic/taxonomic designation"
291,"Double shovel on maxillary I1","No phylogenetic/taxonomic designation"
292,"Shovel shape in maxillary I2","No phylogenetic/taxonomic designation"
294,"Canine size reduction","No phylogenetic/taxonomic designation"
295,"Extensive mesial groove on maxillary canine","No phylogenetic/taxonomic designation"
296,"Lingual ridge development on maxillary canine","No phylogenetic/taxonomic designation"
297,"Bushman canine on maxillary canine","No phylogenetic/taxonomic designation"
298,"Distal accessory ridge development on maxillary canine","No phylogenetic/taxonomic designation"
299,"Lingual shape of maxillary canine","No phylogenetic/taxonomic designation"
300,"Shape of maxillary canine","No phylogenetic/taxonomic designation"
301,"Shape of mandibular canine","No phylogenetic/taxonomic designation"
302,"Lingual ridge development on mandibular canine","No phylogenetic/taxonomic designation"
303,"Basal keel on mandibular canine","No phylogenetic/taxonomic designation"
304,"Maxillary premolar molarization","No phylogenetic/taxonomic designation"
305,"Buccal grooves on maxillary premolars","No phylogenetic/taxonomic designation"
306,"P3 position","No phylogenetic/taxonomic designation"
307,"Maxillary P3 cusp heteromorphy","No phylogenetic/taxonomic designation"
308,"Maxillary P3 root number","No phylogenetic/taxonomic designation"
310,"Mandibular P3 root number","No phylogenetic/taxonomic designation"
311,"Frequency of well developed metaconid on mandibular P3","No phylogenetic/taxonomic designation"
312,"Mandibular P3 shape","No phylogenetic/taxonomic designation"
313,"Lingual cusp on mandibular P4","No phylogenetic/taxonomic designation"
314,"Mandibular P4 root number","No phylogenetic/taxonomic designation"
315,"Mandibular P4 shape","No phylogenetic/taxonomic designation"
316,"Postcanine crown area","No phylogenetic/taxonomic designation"
317,"Size of M1 relative to M2","No phylogenetic/taxonomic designation"
318,"Size of M1 relative to M3","No phylogenetic/taxonomic designation"
319,"Size of M2 relative to M3","No phylogenetic/taxonomic designation"
320,"Molar cingulum development","No phylogenetic/taxonomic designation"
321,"Molar dentine horn height","No phylogenetic/taxonomic designation"
322,"Maxillary molar morphology","No phylogenetic/taxonomic designation"
323,"Protocristid groove prominence of mandibular molars","No phylogenetic/taxonomic designation"
324,"Lingual marginal ridge development","No phylogenetic/taxonomic designation"
325,"Positions of buccal and lingual cusps relative to crown margin","No phylogenetic/taxonomic designation"
326,"Protoconid/metaconid more mesial cusp on molars","No phylogenetic/taxonomic designation"
327,"Peak of enamel thickness between the roots of molars","No phylogenetic/taxonomic designation"
328,"Maxillary M1 shape","No phylogenetic/taxonomic designation"
329,"Cusp 5 on maxillary M1","No phylogenetic/taxonomic designation"
330,"Enamel extension on maxillary M1","No phylogenetic/taxonomic designation"
331,"Carabelli's cusp on mandibular M1","No phylogenetic/taxonomic designation"
332,"Anterior fovea on mandibular M1","No phylogenetic/taxonomic designation"
333,"Cusp number on mandibular M1","No phylogenetic/taxonomic designation"
334,"Protostylid on mandibular M1","No phylogenetic/taxonomic designation"
335,"Cusp 7 on mandibular M1","No phylogenetic/taxonomic designation"
336,"Root number on mandibular M1","No phylogenetic/taxonomic designation"
336,"Root number on mandibular M1","Only 1 state recorded (check)"
337,"Presence of mid-trigonid crest in mandibular M1 and/or M2","No phylogenetic/taxonomic designation"
338,"Absence of cusp 5 in mandibular M1 and/or M2","No phylogenetic/taxonomic designation"
339,"Maxillary M2 shape","No phylogenetic/taxonomic designation"
340,"Hypocone on maxillary M2","No phylogenetic/taxonomic designation"
341,"Groove pattern on mandibular M2","No phylogenetic/taxonomic designation"
342,"Cusp number on mandibular M2","No phylogenetic/taxonomic designation"
343,"Root number on mandibular M2","No phylogenetic/taxonomic designation"
344,"Maxillary M3 agenesis","No phylogenetic/taxonomic designation"
345,"Torsomolar angle on mandibular M3","No phylogenetic/taxonomic designation"
346,"Protocone size relative to paracone of deciduous m1","No phylogenetic/taxonomic designation"
347,"Deciduous mandibular m1 shape","No phylogenetic/taxonomic designation"
348,"Talonid basin of deciduous m1","No phylogenetic/taxonomic designation"
349,"Presence of metaconid of mandibular deciduous m1","No phylogenetic/taxonomic designation"
350,"Distal trigonid crest on mandibular deciduous m2","No phylogenetic/taxonomic designation"
351,"Crista obliqua of maxillary deciduous m2","No phylogenetic/taxonomic designation"
352,"Mandibular symphysis robusticity","No phylogenetic/taxonomic designation"
353,"Mandibular symphysis orientation","No phylogenetic/taxonomic designation"
354,"Projection of mental protruberance","No phylogenetic/taxonomic designation"
355,"Central keel","No phylogenetic/taxonomic designation"
356,"Mandibular incurvation","No phylogenetic/taxonomic designation"
357,"Incisura submentalis","No phylogenetic/taxonomic designation"
358,"Medial crest in digastric fossa","No phylogenetic/taxonomic designation"
359,"Digastric fossa direction","No phylogenetic/taxonomic designation"
360,"Lateral tubercle","No phylogenetic/taxonomic designation"
361,"Inferior transverse torus development","No phylogenetic/taxonomic designation"
362,"Post-incisive planum development","No phylogenetic/taxonomic designation"
363,"Position of genioglossus insertion","No phylogenetic/taxonomic designation"
364,"Position of geniohyoideus insertion","No phylogenetic/taxonomic designation"
365,"Position of digastric insertion","No phylogenetic/taxonomic designation"
366,"Fossae genioglossus definition","No phylogenetic/taxonomic designation"
367,"Submandibular fossa depth","No phylogenetic/taxonomic designation"
368,"Anterior marginal tubercle position","No phylogenetic/taxonomic designation"
369,"Mental foramen opening direction","No phylogenetic/taxonomic designation"
370,"Mental foramen position","No phylogenetic/taxonomic designation"
371,"Mental foramen height","No phylogenetic/taxonomic designation"
372,"Mental foramen number","No phylogenetic/taxonomic designation"
373,"Torus marginalis superius development","No phylogenetic/taxonomic designation"
374,"Torus marginalis inferius development","No phylogenetic/taxonomic designation"
375,"Horizontal distance between TMJ and M2 or M3","No phylogenetic/taxonomic designation"
375,"Horizontal distance between TMJ and M2 or M3","Only 1 state recorded (check)"
376,"Mandibular extramolar sulcus width","No phylogenetic/taxonomic designation"
377,"Retromolar space","No phylogenetic/taxonomic designation"
378,"Retromolar area inclination","No phylogenetic/taxonomic designation"
379,"Orientation of mandibular premolar row","No phylogenetic/taxonomic designation"
380,"Inferior alveolar margin orientation","No phylogenetic/taxonomic designation"
381,"Sulcus intertoralis development","No phylogenetic/taxonomic designation"
382,"Prominentia lateralis relief","No phylogenetic/taxonomic designation"
383,"Prominentia lateralis position","No phylogenetic/taxonomic designation"
384,"Ramus length","No phylogenetic/taxonomic designation"
385,"Ramus root anterior position","No phylogenetic/taxonomic designation"
386,"Ramus root vertical position","No phylogenetic/taxonomic designation"
387,"Internal coronoid pillar orientation","No phylogenetic/taxonomic designation"
388,"Crista ectocondyloidea development on the lateral face of the ramus.","No phylogenetic/taxonomic designation"
389,"Crista endocondyloidea relief on the medial face of the ramus","No phylogenetic/taxonomic designation"
390,"Crista endocondyloidea orientation","No phylogenetic/taxonomic designation"
391,"Position of the junction between the mandibular notch and the condyle articular surface","No phylogenetic/taxonomic designation"
392,"Position of the deepest point of the mandibular notch","No phylogenetic/taxonomic designation"
393,"Crest of the mandibular notch","No phylogenetic/taxonomic designation"
394,"Planum triangulare size","No phylogenetic/taxonomic designation"
395,"Planum triangulare depth","No phylogenetic/taxonomic designation"
396,"Condyle height relative to the coronoid","No phylogenetic/taxonomic designation"
397,"Lateral condylar tubercle development","No phylogenetic/taxonomic designation"
398,"Fossa subcondylea depth","No phylogenetic/taxonomic designation"
399,"Fossa subcondylea development","No phylogenetic/taxonomic designation"
400,"Mandibular foramen shape","No phylogenetic/taxonomic designation"
401,"Lingula mandibulae","No phylogenetic/taxonomic designation"
402,"Mylohyoid line orientation","No phylogenetic/taxonomic designation"
403,"Mylohyoid line position","No phylogenetic/taxonomic designation"
404,"Mylohyoid groove orientation","No phylogenetic/taxonomic designation"
405,"Bony bridge in mylohyoid groove","No phylogenetic/taxonomic designation"
406,"Fossa masseterica depth","No phylogenetic/taxonomic designation"
407,"Gonial profile","No phylogenetic/taxonomic designation"
408,"Pterygoid fossa depth","No phylogenetic/taxonomic designation"
409,"Canine size increase","No ordered/unordered designation"
409,"Canine size increase","No Uberon ID"
409,"Canine size increase","No number of states"
410,"dM1 cusp size, shape, and location","No ordered/unordered designation"
410,"dM1 cusp size, shape, and location","No number of states"
411,"Temporomandibular joint","No ordered/unordered designation"
411,"Temporomandibular joint","No number of states"
412,"P3 symmetry","No ordered/unordered designation"
412,"P3 symmetry","No number of states"
414,"Cranial vault orientation","No anatomical region"
414,"Cranial vault orientation","No character type"
414,"Cranial vault orientation","No ordered/unordered designation"
414,"Cranial vault orientation","No phylogenetic/taxonomic designation"
414,"Cranial vault orientation","No Uberon ID"
414,"Cranial vault orientation","No skeletal element"
414,"Cranial vault orientation","No number of states"
416,"Postcanine absolute size","No number of states"
417,"Upper P3 occlusal outline","No number of states"
418,"Postcanine PM/M cusp wear","No number of states"
419,"Maxillary dental arcade shape","No number of states"
420,"Posterior dental arcade","No number of states"
421,"Inferolateral nasal aperture margin","No number of states"
422,"Upper I2 root lateral to nasal aperature","No number of states"
423,"Maxillary fossula","No number of states"
